kids,Kid
Psychologists,Psychologist
marshmallows,marshmallow
Kids,Kid
predicting,Predict
distractions,Distraction
lasted,Laste
kids,Kid
Psychologists,Psychologist
marshmallows,marshmallow
Kids,Kid
predicting,Predict
distractions,Distraction
lasted,Laste
surprises,Surprise
smelled,Smell
touches,Touch
licks,Lick
holds,Hold
limits,Limit
generations,Generation
undermines,Undermine
says,Say
turns,Turn
waited,Wait
feeds,Feed
knows,Know
learns,Learn
feels,Feel
decides,Decide
pounds,Pound
tells,Tell
Jaggers,Jagger
wildest,Wild
surpassed,Surpass
believed,Believe
dared,Dare
rewarded,Reward
believes,Believe
gentlemen,Gentleman
goes,Go
replaced,Replace
reveals,Reveal
warnings,Warning
guessed,Guess
intends,Intend
blinds,Blind
wears,Wear
keeps,Keep
spiders,Spider
hovering,Hover
relatives,Relative
loves,Love
hopes,Hope
describes,Describe
kneels,Kneel
looked,Look
cobwebs,Cobweb
fails,Fail
takes,Take
expectations,Expectation
perpetuating,Perpetuate
appeared,Appear
discussing,Discuss
stories,Story
battles,Battle
broadest,Broad
kinds,Kind
translates,Translate
songs,Song
actions,Action
warriors,Warrior
knights,Knight
conflicts,Conflict
authors,Author
contests,Contest
lords,Lord
served,Serve
performed,Perform
features,Feature
serves,Serve
dangers,Danger
audiences,Audience
countries,Country
proving,Prove
behaved,Behave
motivations,motivation
explains,Explain
emerged,Emerge
regions,Region
Troubadours,Troubadour
troubadours,Troubadour
sketches,Sketch
facts,Fact
climates,Climate
creating,Create
crafting,Craft
poets,Poet
tended,Tend
microbes,Microbe
yeasts,Yeast
organisms,Organism
layers,Layer
liters,Liter
kilos,Kilo
bubbles,Bubble
nutrients,Nutrient
fibers,Fiber
weeks,Week
depending,Depend
evaporates,Evaporate
seams,Seam
intrigues,Intrigue
chemicals,Chemical
patterning,Pattern
dips,Dip
amounts,Amount
qualities,Quality
vessels,Vessel
products,Product
excites,Excite
peelings,peeling
suggesting,Suggest
resources,Resource
Inventors,Inventor
devised,Devise
types,Type
weapons,Weapon
wars,War
technologies,Technology
Innovations,Innovation
KINDS,Kind
WEAPONS,Weapon
soldiers,Soldier
carried,Carry
muskets,Musket
yards,Yard
armies,Army
Rifles,Rifle
guns,Gun
Soldiers,Soldier
Mini%C3%A9,Mini&#195;&#169;
ramrods,Ramrod
mallets,Mallet
bullets,Bullet
deadlier,deadly
infantries,Infantry
trenches,Trench
fortifications,Fortification
REPEATERS,Repeater
rifles,Rifle
needing,Need
factories,Factory
Johnnys,Johnny
BALLOONS,Balloon
SUBMARINES,Submarine
spies,Spy
floated,Float
encampments,Encampment
balloons,Balloon
commanders,Commander
warships,warship
prowled,Prowl
maintaining,Maintain
ports,Port
ironclads,Ironclad
submarines,Submarine
innovations,Innovation
began,Begin
miles,Mile
tracks,Track
cars,Car
officials,Official
railroads,Railroad
thousands,Thousand
trains,Train
officers,Officer
enabled,Enable
meetings,Meeting
lacked,Lack
operators,Operator
messages,Message
pictures,Picture
photos,Photo
images,Image
snapshots,Snapshot
portraits,Portrait
landscapes,Landscape
photographers,Photographer
inventions,Invention
roles,Role
commonest,Common
coarsest,Coarse
Expectations,Expectation
sufferings,Suffering
humiliations,Humiliation
transferred,Transfer
labels,Label
bottles,Bottle
boys,Boy
ambitions,Ambition
fears,Fear
covers,Cover
mocks,Mock
struggles,Struggle
died,Die
drafted,Draft
debts,Debt
debates,Debate
hoped,Hope
placing,Place
magazines,Magazine
Sketches,Sketch
started,start
launched,Launch
installments,installment
plots,Plot
characters,Character
readers,Reader
gobbled,Gobble
places,Place
including,Include
figures,Figure
advantages,Advantage
barriers,Barrier
overcrowded,Overcrowd
slums,Slum
mansions,Mansion
agents,Agent
spotlighted,Spotlight
disparities,Disparity
Englishmen,Englishman
trials,Trial
frustrations,Frustration
created,Create
exemplifies,Exemplify
begins,Begin
memories,Memory
seems,Seem
marshlands,marshland
novelists,Novelist
achieving,Achieve
depths,Depth
followed,Follow
makes,make
deceived,Deceive
nurtured,Nurture
paragraphs,Paragraph
tries,Try
tombstones,Tombstone
defines,Define
calls,Call
marshes,Marsh
situates,Situate
recites,Recite
identities,Identity
occupies,Occupy
shivers,Shiver
sensations,Sensation
seizes,Seize
Others,Other
rumples,Rumple
meets,Meet
slaps,Slap
raises,Raise
writes,Write
tickled,Tickle
goads,Goad
reminders,Reminder
observes,Observe
imagines,Imago
happened,Happen
enjoying,Enjoy
reminded,Remind
Plains,Plain
months,Month
triggering,Trigger
Railroads,Railroad
connects,Connect
immigrants,Immigrant
vets,vet
plates,Plate
crumpling,Crumple
mountains,Mountain
sees,See
peaks,Peak
Plotting,Plot
ridges,Ridge
summits,Summit
Americans,American
dreams,Dream
companies,Company
starts,start
risks,Risk
takers,Taker
adding,Add
adds,Add
investors,Investor
owning,Own
Avalanches,Avalanche
cuts,Cut
excavated,Excavate
laborers,Laborer
easier,Easy
workers,Worker
magnets,Magnet
deadliest,deadly
brought,Bring
swaps,Swap
inches,Inch
pieces,Piece
mixes,Mix
crews,Crew
creates,Create
temperatures,Temperature
explosions,Explosion
slides,Slide
survives,Survive
accelerates,Accelerate
spikes,Spike
swings,Swing
arrives,Arrive
eliminated,Eliminate
changes,Change
flames,Flame
continues,Continue
Extracting,Extract
forests,Forest
nesting,Nest
birds,Bird
occurring,Occur
becomes,Become
fuels,Fuel
estimates,Estimate
sections,Section
journeyed,Journey
trees,Tree
trucks,Truck
Examples,Example
beings,Being
Friends,Friend
Countrymen,Countryman
quoted,Quote
households,Household
leads,Lead
families,Family
progresses,Progress
grieves,Grieve
speaks,Speak
realizes,Realize
trusts,Trust
causes,Cause
narrated,narrate
describing,Describe
lets,Let
killed,Kill
jealousies,Jealousy
allowing,Allow
considers,Consider
travels,Travel
wants,Want
thinks,Think
discovers,Discover
compares,Compare
etherized,Etherize
uses,Use
appearances,Appearance
borrows,Borrow
loses,Lose
jewels,Jewel
conditions,Condition
replaces,Replace
gemstones,gemstone
coincidences,Coincidence
examples,Example
asked,Ask
encountered,Encounter
choices,Choice
diagnosed,Diagnose
showed,Show
doctors,doctor
goodbyes,goodbye
cells,Cell
viewed,View
decades,Decade
clears,Clear
opinions,Opinion
bibles,Bible
computers,Computer
typewriters,Typewriter
cameras,Camera
notions,Notion
hitchhiking,hitchhike
wished,Wish
drapes,Drape
walls,Wall
footrests,footrest
forgetting,Forget
decisions,Decision
curtains,Curtain
accidents,Accident
caused,Cause
housed,House
labeling,Label
debtors,Debtor
reached,Reach
Victorians,Victorian
scenes,Scene
horrors,Horror
difficulties,Difficulty
visits,Visit
awaiting,Await
streets,Street
fortunes,Fortune
pokes,Poke
delays,Delay
absurdities,Absurdity
adventures,Adventure
clerks,Clerk
flirted,Flirt
agonies,Agony
visited,Visite
Hogarths,Hogarth
attracted,Attract
projects,Project
etchings,Etching
succeeded,Succeed
copies,Copy
friends,Friend
ladies,Lady
disturbs,Disturb
classes,Class
hats,Hat
coats,Coat
canes,Cane
cigars,Cigar
furnishing,Furnish
fabrics,Fabric
cheeks,Cheek
brings,Bring
ripped,Rip
humanized,Humanize
despises,Despise
returns,Return
affects,Affect
appears,Appear
Summoned,Summon
walks,Walk
likes,Like
treats,Treat
yearns,Yearn
finds,Find
drives,Drive
springs,Spring
plays,Play
universities,University
dots,Dot
graduates,Graduate
popped,Pop
refused,Refuse
relented,Relent
returned,Return
deposits,Deposit
stumbled,Stumble
offered,Offer
calligraphed,calligraph
typefaces,typeface
combinations,Combination
fonts,Font
personals,Personal
questions,Question
simplest,SIMPL
consists,Consist
wavelengths,wavelength
substances,Substance
applications,Application
disciplines,Discipline
interests,Interest
characteristics,Characteristic
techniques,Technique
paintings,Painting
pigments,Pigment
ingredients,Ingredient
paints,Paint
varnishes,Varnish
finishes,Finish
requires,Require
bits,Bit
signatures,Signature
matches,Match
analyzing,Analyze
flecks,Fleck
restorers,Restorer
deteriorated,Deteriorate
attempts,Attempt
explosives,Explosive
pushes,Push
brains,Brain
constructing,Construct
comedies,Comedy
centuries,Century
playwrights,Playwright
speeches,Speech
feuding,Feud
comments,Comment
referred,Refer
inciting,Incite
happens,Happen
lays,Lay
secrets,Secret
moments,Moment
others,Other
offers,Offer
bases,Base
elephants,Elephant
animals,Animal
sounds,Sound
echoes,Echo
waves,Wave
accounts,Account
avoiding,Avoid
predators,predator
insects,Insect
emits,Emit
pulses,Pulse
sends,Send
bursts,Burst
shows,Show
objects,Object
approaches,Approach
abilities,Ability
filtering,Filter
buildings,Building
surfaces,Surface
shapes,Shape
reflections,Reflection
needles,Needle
ideas,Idea
matters,Matter
stronger,Strong
produces,Produce
scares,Scare
ohms,Ohm
coils,Coil
experimenting,Experiment
guys,guy
offs,Off
bonds,Bond
speakers,Speaker
rehearsals,Rehearsal
genres,Genre
passed,passe
cultures,Culture
traits,Trait
concerns,Concern
communities,Community
aspects,Aspect
creatures,Creature
tellers,Teller
Brothers,Brother
undergoing,Undergo
belongs,Belong
descriptions,Description
settings,Setting
houses,House
cabins,Cabin
palaces,Palace
involves,Involve
adults,Adult
thirds,Third
teachers,Teacher
scanned,Scan
misunderstandings,Misunderstanding
scientists,Scientist
lobes,Lobe
areas,Area
winging,Wing
adapting,Adapt
sits,Sit
Rodents,Rodent
consumes,Consume
infants,Infant
sizes,Size
kilograms,Kilogram
neurons,Neuron
rendered,Render
frees,Free
provides,Provide
stuffs,Stuff
ions,Ion
membranes,Membrane
molecules,Molecule
potentials,Potential
signals,Signal
axons,axon
synapses,synapse
discharges,Discharge
generating,Generate
carries,Carry
paths,path
jettisoned,Jettison
tasking,Task
foods,Food
challenges,Challenge
toys,Toy
crowns,Crown
ducks,Duck
customers,Customer
explained,Explain
seemed,Seem
arrived,Arrive
drawings,Drawing
models,Model
worked,Work
constructed,Construct
opportunities,Opportunity
bears,Bear
bricks,Brick
helped,Help
flowers,Flower
systems,System
interrelationships,interrelationship
beavers,Beaver
ecosystems,ecosystem
waterways,Waterway
Europeans,European
settlers,Settler
rivers,River
logs,Log
sticks,Stick
dams,Dam
floods,Flood
wetlands,wetland
varieties,Variety
spices,Spice
mammals,Mammal
Wetlands,wetland
soaks,Soak
increases,Increase
mentioned,Mention
occurred,Occur
collapsing,Collapse
populations,Population
shortages,Shortage
restrictions,Restriction
cities,City
owners,Owner
centers,Center
suburbs,Suburb
malls,Mall
sidewalks,Sidewalk
fountains,Fountain
variations,Variation
originated,Originate
Unites,Unite
factors,Factor
choosing,Choose
considerations,Consideration
employees,Employee
spaces,Space
visitors,Visitor
conferences,Conference
events,Event
residents,Resident
planed,Plane
sculptures,Sculpture
walkways,walkway
displays,Display
admen,adman
sights,Sight
allows,Allow
pedestrians,Pedestrian
restaurants,Restaurant
headphones,headphone
Momentums,Momentum
controls,Control
improvements,Improvement
hinges,Hinge
Ears,Ear
featuring,Feature
clocked,Clock
gigs,Gig
notifications,Notification
thinnest,Thin
fingertips,fingertip
bezels,Bezel
bells,Bell
whistles,Whistle
wraps,Wrap
shovels,Shovel
shipped,Ship
refineries,Refinery
extracting,Extract
prices,Price
conservationists,conservationist
helps,Help
bogs,bog
gases,Gas
millennia,Millennium
emissions,Emission
impacts,Impact
tens,Ten
dishes,Dish
Americas,America
beans,Bean
sauces,Sauce
potatoes,Potato
Mountains,Mountain
tomatoes,Tomato
includes,Include
items,item
hundreds,Hundred
introduced,Introduce
tastes,Taste
crops,Crop
contributed,Contribute
suffered,Suffer
failures,Failure
hardier,Hardy
vitamins,Vitamin
Potatoes,Potato
soared,Soar
peoples,People
lakes,Lake
depended,Depend
soils,Soil
containers,Container
utensils,Utensil
adheres,Adhere
producing,Produce
sheets,Sheet
canoes,Canoe
frames,Frame
dries,Dry
boats,Boat
alliances,Alliance
newcomers,Newcomer
traders,Trader
distances,Distance
kilometers,Kilometer
loggings,Logging
scatters,Scatter
galaxies,Galaxy
breaks,Break
telescopes,Telescope
emitted,Emit
directions,Direction
photographed,Photograph
lowers,Lower
redder,Red
shifted,Shift
suggests,Suggest
variables,Variable
sinks,Sink
prevents,Prevent
squirrels,Squirrel
Mammals,Mammal
cools,Cool
regulates,Regulate
reptiles,Reptile
burrows,Burrow
rocks,Rock
Staying,Stay
problems,Problem
staying,Stay
bodies,Body
snakes,Snake
warms,Warm
knocks,Knock
destroying,Destroy
relies,Rely
refers,Refer
processes,Process
senses,Sense
beliefs,Belief
perceiving,Perceive
imagining,Imagine
limitations,Limitation
predictions,Prediction
studies,Study
experiments,Experiment
hears,Hear
completes,Complete
fills,Fill
sorts,Sort
winds,Wind
hallmarks,hallmark
cyclones,Cyclone
typhoons,Typhoon
hurricanes,Hurricane
storms,Storm
seas,Sea
releases,Release
bombs,Bomb
Hurricanes,Hurricane
heats,Heat
stretches,Stretch
rises,Rise
thunderstorms,Thunderstorm
clouds,Cloud
bands,Band
sweeps,Sweep
dollars,dollar
Scientists,Scientist
planes,Plane
hunters,Hunter
sensors,Sensor
providing,Provide
clues,Clue
talked,Talk
outfits,Outfit
theories,Theory
buddies,buddy
brothers,Brother
dolls,doll
purchased,Purchase
serials,Serial
lies,Lie
mourned,Mourne
gained,Gain
persons,Person
publishers,Publisher
remained,Remain
standards,Standard
chords,Chord
bubbled,Bubble
acted,Act
dialogues,Dialogue
readings,Reading
sums,Sum
feted,Fete
claimed,Claim
sons,Son
managed,Manage
holidays,Holiday
filed,File
noises,Noise
cared,Care
expressions,Expression
faces,Face
Celts,Celt
tribes,Tribe
withdrew,Withdraw
Saxons,Saxon
Frisians,Frisian
sailed,Sail
kingdoms,Kingdom
Isles,Isle
Britains,Britain
invasions,Invasion
Danes,Dane
neighbors,Neighbor
marriages,Marriage
boundaries,Boundary
Normans,norman
Vikings,Viking
levels,Level
peasants,Peasant
clergymen,Clergyman
flowed,Flow
sentences,Sentence
shirts,Shirt
jeans,jean
Blazers,Blazer
skirts,Skirt
phrases,Phrase
persisted,Persist
persists,Persist
glaciers,Glacier
explaining,Explain
melts,Melt
reduces,Reduce
Depending,Depend
stresses,Stress
oozes,Ooze
textbooks,textbook
omitted,Omit
crevasses,Crevasse
fissures,Fissure
surges,Surge
speeds,Speed
meters,Meter
kidding,Kid
zones,Zone
wandered,Wander
modems,modem
Trolls,Troll
trolls,Troll
washes,Wash
ends,End
flaws,Flaw
runs,Run
bugs,Bug
fianc%C3%A9,fianc&#195;&#169;
girls,Girl
wiped,Wipe
walked,Walk
confessing,Confess
violets,Violet
snatched,Snatch
hoping,Hope
confessed,Confess
kissed,Kiss
Islands,Island
survived,Survive
turtles,Turtle
claims,Claim
doubts,Doubt
fluids,Fluid
interviewed,Interview
skills,Skill
threats,Threat
insisted,Insist
Diplomats,Diplomat
committing,Commit
tortillas,Tortilla
evolved,Evolve
dwellers,Dweller
discoveries,Discovery
swims,Swim
compared,Compare
contradicts,Contradict
hippos,hippo
controversies,Controversy
turnips,Turnip
playthings,Plaything
Playthings,Plaything
horses,Horse
errands,Errand
apples,Apple
cakes,Cake
holes,Hole
Sundays,Sunday
rains,Rain
rained,Rain
poured,Pour
drizzled,Drizzle
chucked,Chuck
Browns,Brown
allowed,Allow
illustrates,Illustrate
tunnels,Tunnel
sewers,Sewer
grows,Grow
antiques,Antique
recipes,Recipe
weddings,Wedding
danced,Dance
Hamptons,Hampton
fruits,Fruit
vegetables,Vegetable
gallons,Gallon
washrooms,washroom
Bricks,Brick
crumbling,Crumble
elms,Elm
boarded,Board
robbed,Rob
nailed,Nail
nodded,Nod
feathers,Feather
laughs,Laugh
flicks,Flick
shoulders,Shoulder
remembers,Remember
sisters,Sister
eyelids,Eyelid
motorcycles,motorcycle
towels,Towel
belonged,Belong
builds,Build
prototypes,Prototype
printers,Printer
patterns,Pattern
Crafting,Craft
homes,Home
evolves,Evolve
videos,video
stones,Stone
winked,Wink
playmates,Playmate
pushed,Push
skulked,Skulk
obeyed,Obey
fearing,Fear
summoned,Summon
cheated,Cheat
slipped,Slip
overflowed,Overflow
displaced,Displace
jumped,jump
displaces,Displace
teammates,teammate
Scaring,Scare
scariest,Scary
Scarers,scarer
fellas,fella
Guys,guy
Fellas,fella
souls,Soul
evils,Evil
towns,Town
episodes,Episode
journeys,Journey
fascinations,Fascination
corners,Corner
conversations,Conversation
storekeepers,Storekeeper
mortals,Mortal
farmers,Farmer
docks,Dock
escapes,Escape
evokes,Evoke
flattered,Flatter
grams,Gram
lemons,Lemon
curdles,Curdle
buttered,Butter
knocked,Knock
enjoyed,Enjoy
milliliters,Milliliter
puddings,Pudding
drinks,Drink
bodyguards,Bodyguard
limousines,Limousine
alumni,Alumnus
contestants,Contestant
celebrities,Celebrity
flipped,Flip
heavier,Heavy
Anchovies,Anchovy
Chickens,Chicken
Clones,clone
uploaded,upload
thoughts,Thought
clones,clone
trails,Trail
initiated,Initiate
naps,Nap
emotions,Emotion
defying,defy
visions,Vision
entrepreneurs,Entrepreneur
periods,Period
lovers,Lover
cares,Care
hyped,hype
Drinks,Drink
reminds,Remind
Barbecues,Barbecue
honeys,Honey
Sights,Sight
squeezed,Squeeze
tans,Tan
checking,Check
happiest,Happy
fondest,Fond
travelers,Traveler
goals,Goal
achieved,Achieve
Weirdest,Weird
Hobbies,Hobby
weirdest,Weird
activities,Activity
hobbies,Hobby
strangest,Strang
posts,Post
antics,Antic
hits,Hit
hangs,Hang
locations,Location
strangers,Stranger
expects,Expect
documenting,document
handing,Hand
blizzards,Blizzard
rainstorms,rainstorm
sunniest,Sunny
benefits,Benefit
giveaways,giveaway
Pills,Pill
pills,Pill
consequences,Consequence
poisoned,Poison
Tattooing,Tattoo
vehicles,Vehicle
texts,Text
mirrors,Mirror
windscreens,windscreen
Passers,Passer
doodling,doodle
emblazing,Emblaze
growers,Grower
pounded,Pound
rots,Rot
furrows,Furrow
drops,Drop
blades,Blade
stalks,Stalk
hoeing,Hoe
passes,passe
enters,Enter
ears,Ear
husks,Husk
receives,Receive
pigs,Pig
evenings,Evening
mattresses,Mattress
mats,Mat
baskets,Basket
banners,Banner
plumes,Plume
attitudes,Attitude
candles,Candle
wealthiest,Wealthy
monks,Monk
wealthier,Wealthy
industries,Industry
recycled,recycle
programmed,Program
automobiles,Automobile
Motors,Motor
Tweeting,tweet
specifics,specific
extrapolating,extrapolate
Angeles,Angel
floats,Float
weighed,Weigh
rockets,Rocket
tubes,Tube
tensions,Tension
revolutionized,Revolutionize
ships,Ship
edges,Edge
propellers,Propeller
favorites,Favorite
bleeds,Bleed
forces,Force
clinging,Cling
prepares,Prepare
Harpers,Harper
pistols,Pistol
slaves,Slave
defended,Defend
reinforcements,Reinforcement
joins,Join
Negroes,Negro
citizens,Citizen
Marines,Marine
captivates,Captivate
puts,Put
sentenced,Sentence
crimes,Crime
purged,Purge
sleeves,Sleeve
awoke,Awake
scampered,Scamper
genes,gene
Transformers,Transformer
machines,Machine
proteins,Protein
snowflakes,Snowflake
networks,Network
formations,Formation
interactions,Interaction
Proteins,Protein
sequences,Sequence
structures,Structure
acids,Acid
governs,Govern
units,Unit
errors,Error
components,Component
microchips,microchip
pathways,Pathway
capsules,Capsule
drugs,Drug
sites,Site
gardens,Garden
possibilities,Possibility
paparazzi,paparazzo
existences,Existence
incidences,Incidence
champions,Champion
wishes,Wish
paps,Pap
organizations,Organization
embraced,Embrace
slippers,Slipper
masks,Mask
bandanas,bandana
resorting,Resort
puppies,Puppy
Shahs,Shah
Sounds,Sound
daydreams,Daydream
punched,Punch
gazed,Gaze
groups,Group
comets,Comet
approached,Approach
fooled,Fool
laughed,Laugh
spreads,Spread
herds,Herd
heads,Head
individuals,Individual
symbolizes,Symbolize
cowboys,Cowboy
gangs,Gang
rustlers,Rustler
horsemen,Horseman
wranglers,Wrangler
dates,Date
Egyptians,Egyptian
ranchers,rancher
roaming,Roam
plains,Plain
spooked,Spook
dreads,Dread
buries,Bury
pals,Pal
judged,Judge
Cowboys,Cowboy
Guns,Gun
Texans,Texan
firearms,Firearm
enemies,Enemy
reloading,Reload
rounds,Round
frittatas,frittata
baggies,Baggy
kicked,Kick
babies,Baby
hospitals,Hospital
lessons,Lesson
knees,Knee
feared,Fear
parcels,Parcel
evidences,Evidence
Chances,Chance
users,User
pages,Page
initiatives,Initiative
Wars,War
themed,Theme
supermen,Superman
youngest,Young
shares,Share
markets,Market
Founders,Founder
richest,Rich
berries,Berry
tripped,Trip
eves,Eve
rubbed,Rub
capered,Caper
barking,Bark
happier,Happy
Chuckles,Chuckle
snapped,Snap
grabs,Grab
cries,Cry
throws,Throw
narrates,narrate
Horizons,Horizon
options,Option
students,Student
subjects,Subject
Students,Student
encourages,Encourage
excursions,Excursion
follows,Follow
minerals,Mineral
hormones,Hormone
arteries,Artery
modules,Module
nephrons,nephron
filters,Filter
reabsorbed,Reabsorb
contains,Contain
tubules,Tubule
compounds,Compound
redirects,Redirect
ridding,Rid
detects,Detect
chugged,chug
Dialogues,Dialogue
prayers,Prayer
chances,Chance
CEOs,CEO
worries,Worry
hunts,Hunt
conducted,Conduct
villagers,Villager
kills,Kill
Hotels,Hotel
thrills,Thrill
gliders,Glider
helicopters,Helicopter
piqued,Pique
instruments,Instrument
clubs,Club
ukuleles,ukulele
auctioned,Auction
circling,Circle
Destinations,Destination
scholars,Scholar
heels,Heel
snowballs,Snowball
WAVES,Wave
darlings,darling
seaweeds,Seaweed
pebbles,Pebble
shells,Shell
fishes,Fish
Carmen,Carman
moms,mom
proposing,Propose
Sisters,Sister
cuffing,Cuff
Tucking,Tuck
tucking,Tuck
passengers,passenger
reasons,Reason
beaches,Beach
designers,Designer
illustrators,Illustrator
creatives,Creative
shops,Shop
hippest,Hip
farms,Farm
fires,Fire
vineyards,Vineyard
experiencing,Experience
brews,Brew
Gardens,Garden
wines,Wine
voted,Vote
Canaanites,Canaanite
inspires,Inspire
honeies,Honey
everybodys,Everybody
Africans,African
funs,Fun
teams,Team
mobiles,Mobile
Mobiles,Mobile
warmers,Warmer
generates,Generate
jokes,Joke
decreases,Decrease
cures,Cure
hairs,Hair
crawls,Crawl
millivolts,millivolt
pores,Pore
reaches,Reach
rushes,Rush
overshooting,Overshoot
restoring,Restore
communicates,Communicate
vesicles,Vesicle
packets,packet
containing,Contain
neurotransmitters,neurotransmitter
amplified,Amplify
translated,Translate
schools,School
hallways,hallway
collisions,Collision
particles,Particle
packs,Pack
colliding,Collide
catalysts,catalyst
Monsters,Monster
boos,boo
dudes,Dude
stitches,Stitch
texting,Text
moves,Move
vows,Vow
vegetarians,Vegetarian
depends,Depend
contractions,Contraction
Voices,Voice
situations,Situation
dealt,Deal
Tragedies,Tragedy
cases,Case
represents,Represent
overwhelms,Overwhelm
physicists,Physicist
mushroomed,Mushroom
collaborated,collaborate
bridged,Bridge
islands,Island
dialects,Dialect
Physicists,Physicist
terabytes,terabyte
colleagues,Colleague
outstripped,Outstrip
petabytes,petabyte
collaborating,collaborate
relationships,Relationship
accessing,Access
exploiting,Exploit
elections,Election
hates,Hate
rebels,Rebel
crimsoned,Crimson
fathoms,Fathom
secedes,Secede
exists,Exist
mobilizes,Mobilize
worlds,World
planets,Planet
bets,Bet
atmospheres,Atmosphere
emerges,Emerge
environments,Environment
droplets,droplet
oceans,Ocean
aquifers,aquifer
Microbes,Microbe
geysers,Geyser
haystacks,Haystack
defeating,Defeat
adopters,Adopter
sucked,Suck
portions,Portion
freshmen,Freshman
gooks,gook
Cakes,Cake
smartest,Smart
fingernails,fingernail
pennies,Penny
ushers,Usher
hedges,Hedge
strawberries,Strawberry
journals,Journal
versions,Version
sources,Source
databases,database
accessed,Access
abstracts,Abstract
nails,Nail
shavings,Shaving
fans,Fan
truths,Truth
players,Player
overstepped,Overstep
ceased,Cease
gazing,Gaze
vowed,Vow
stroked,Stroke
beards,Beard
crowds,Crowd
sawing,Saw
lasts,Last
chores,Chore
sawed,Saw
sells,Sell
chairs,Chair
tramps,Tramp
languages,Language
instances,Instance
musicians,Musician
mistakes,Mistake
smiled,Smile
beginners,Beginner
professionals,Professional
keys,Key
redcoats,Redcoat
barracks,Barrack
militias,Militia
rides,Ride
militiamen,Militiaman
commanded,Command
continents,Continent
Rebels,Rebel
revolutionaries,Revolutionary
scallywags,scallywag
gathers,Gather
shopkeepers,Shopkeeper
Patriots,Patriot
smogs,smog
sunsets,Sunset
Houses,House
observations,Observation
chimneys,Chimney
smokestacks,Smokestack
deaths,Death
coincided,Coincide
introducing,Introduce
contributors,Contributor
measures,measure
disappeared,Disappear
hydrates,Hydrate
encoded,encode
dashes,Dash
messengers,Messenger
poles,Pole
insists,Insist
facilities,Facility
Bates,Bate
obsesses,obsess
dispatches,Dispatch
telegrams,Telegram
tentacles,Tentacle
developments,Development
generals,General
responds,Respond
telegraphing,Telegraph
yesterdays,Yesterday
blows,Blow
Fools,Fool
References,Reference
switched,Switch
phones,Phone
calendars,Calendar
fools,Fool
pranks,Prank
celebrations,Celebration
traditions,Tradition
pranking,Prank
noticing,Notice
outlets,Outlet
pranked,Prank
tabloids,Tabloid
tones,Tone
atoms,Atom
protons,proton
neutrons,neutron
electrons,Electron
blueberries,Blueberry
minds,Mind
Stories,Story
races,Race
colonizers,Colonizer
survivors,Survivor
Adventures,Adventure
recounts,Recount
introduces,Introduce
Rangers,Ranger
shoots,Shoot
coldest,Cold
retailers,Retailer
shoppers,Shopper
Imagining,Imagine
actresses,Actress
involving,Involve
preferences,Preference
promotions,promotion
recommendations,Recommendation
delivered,Deliver
associates,Associate
presenting,Present
immersing,Immerse
facets,Facet
uploading,upload
crafted,Craft
fitted,Fit
pairs,Pair
Hoping,Hope
Customers,Customer
masterpieces,Masterpiece
tiptoed,Tiptoe
chuckled,Chuckle
olds,Old
cancers,Cancer
dreamt,Dream
jungles,Jungle
rainforests,rainforest
butterflies,Butterfly
solutions,Solution
delegates,Delegate
governments,Government
organizers,Organizer
politicians,Politician
mothers,Mother
fathers,Father
aunts,Aunt
uncles,Uncle
borders,Border
crevices,Crevice
caves,Cave
quills,Quill
claws,Claw
robins,Robin
shunned,Shun
bicycles,Bicycle
medicines,Medicine
answers,Answer
treaties,Treaty
priorities,Priority
bling,BL
deemed,Deem
producers,Producer
embalmed,Embalm
Cozys,Cozy
Labs,Lab
offerings,Offering
administers,Administer
watched,Watch
protects,Protect
defenders,Defender
germs,Germ
invades,Invade
multiplies,Multiply
infections,Infection
treatments,Treatment
connections,Connection
Networks,Network
collections,Collection
behaviors,Behavior
evolving,Evolve
occurs,Occur
neighborhoods,Neighborhood
Neighborhoods,Neighborhood
maps,Map
demonstrates,Demonstrate
nodes,Node
functions,Function
ranges,Range
collects,Collect
references,Reference
clusters,Cluster
acquaintances,Acquaintance
Revolts,Revolt
disputes,Dispute
plagues,Plague
amendments,Amendment
dawned,Dawn
Products,Product
leaks,Leak
indicating,Indicate
delegated,Delegate
Boys,Boy
frolicking,Frolic
enables,Enable
pixels,pixel
judgments,Judgment
LEDs,Led
dinosaurs,Dinosaur
tends,Tend
yourselves,Yourself
FRIENDS,Friend
worms,Worm
crusts,Crust
crumbs,Crumb
bees,Bee
hymns,Hymn
praises,Praise
peppered,Pepper
breakthroughs,breakthrough
occurrences,Occurrence
revolves,Revolve
misinterpreted,Misinterpret
leaped,Leap
measurements,Measurement
buoyed,Buoy
reflects,Reflect
frequencies,Frequency
singers,Singer
rods,Rod
cones,Cone
skyrocketed,skyrocket
mouths,Mouth
examines,Examine
Scars,Scar
rights,Right
Slaves,Slave
Traders,Trader
Buyers,Buyer
virgins,Virgin
phenomena,Phenomenon
witnessed,Witness
Birds,Bird
valleys,Valley
trekking,Trek
photographing,Photograph
females,Female
ornaments,ornament
strategies,Strategy
swears,Swear
habits,Habit
fishermen,Fisherman
Urged,Urge
motioned,Motion
icicles,Icicle
ministers,Minister
exclaimed,Exclaim
sowed,Sow
dwindled,Dwindle
deeper,Deeply
peeped,Peep
grabbed,Grab
startups,startup
Dogs,Dog
Horses,Horse
blinkers,Blinker
dogs,Dog
Poets,Poet
writers,Writer
Teachers,Teacher
Boos,boo
zebras,Zebra
snails,Snail
chocolates,Chocolate
pockets,Pocket
poked,Poke
howled,Howl
apologized,Apologize
bawled,Bawl
examined,Examine
banged,Bang
giggling,Giggle
squirmed,Squirm
blinked,Blink
wiggled,Wiggle
trumpeted,Trumpet
bounced,Bounce
Chocolates,Chocolate
squeaked,Squeak
honked,Honk
murmured,Murmur
Museums,Museum
exhibits,Exhibit
Dinosaurs,Dinosaur
chemists,Chemist
hotter,Hot
lungs,Lung
tiniest,Tiny
handshakes,handshake
deals,Deal
businesses,Business
draws,draw
negotiations,Negotiation
donned,Don
tunics,Tunic
spared,Spare
performances,Performance
dancers,Dancer
motorcades,motorcade
fingers,Finger
venues,Venue
discussed,Discuss
blames,Blame
barging,Barge
fronting,Front
cheered,Cheer
climbed,Climb
braved,Brave
tunes,Tune
alternatives,Alternative
imaginations,Imagination
pillars,Pillar
downsides,downside
reinvented,reinvent
Lifestyles,lifestyle
consumers,Consumer
lifestyles,lifestyle
perspectives,Perspective
Paralyzing,Paralyze
dominates,Dominate
blocs,bloc
Conflicts,Conflict
routes,Route
retreats,Retreat
accepts,Accept
emergencies,Emergency
securing,Secure
scenarios,Scenario
shirtfronting,shirtfront
Sumerians,Sumerian
goats,Goat
donkeys,Donkey
engravings,Engraving
tablets,Tablet
meanings,Meaning
symbols,Symbol
Linguists,Linguist
representing,Represent
Acadians,Acadian
Syrians,Syrian
variants,Variant
scripts,Script
cartouches,cartouche
Mayans,Mayan
shadows,Shadow
overhears,Overhear
whos,Who
whats,What
progressing,Progress
sneaks,Sneak
trojans,Trojan
wisest,Wis
lectures,Lecture
flitted,Flit
spilled,Spill
retorted,Retort
answered,Answer
blocks,Block
Sticks,Stick
sides,Side
castles,Castle
carriages,Carriage
schemes,Scheme
daughters,Daughter
ventures,Venture
experiences,Experience
Thousands,Thousand
airplanes,airplane
preyed,Prey
hooves,Hoof
conquistadors,conquistador
pioneers,Pioneer
explorers,Explorer
mustangs,Mustang
breeds,Breed
Ponies,Pony
skies,Sky
treetops,treetop
preparing,Prepare
sleds,Sled
entered,Enter
patting,Pat
cookies,Cooky
pies,Pie
puzzles,puzzle
gifts,Gift
ponding,Pond
pastimes,pastime
magicians,Magician
councillors,councillor
priests,Priest
saddest,Sad
tossed,Toss
muttered,Mutter
flapped,Flap
chirped,Chirp
sighed,Sigh
kicks,Kick
chunks,Chunk
brightened,Brighten
peered,Peer
straightened,Straighten
chattered,Chatter
bunches,Bunche
tassels,Tassel
dances,Dance
wakes,Wake
bags,Bag
burs,Bur
alligators,Alligator
chicks,Chick
males,Male
lands,Land
suicides,Suicide
forensics,Forensic
biscuits,Biscuit
injuries,Injury
stockings,Stocking
intending,Intend
sparkled,Sparkle
bourgeoning,Bourgeon
Albums,Album
spawned,Spawn
Drops,Drop
slamming,Slam
debuted,Debut
debuting,Debut
charts,Chart
awards,Award
Awards,Award
lingered,Linger
ferns,Fern
mosses,Moss
prettiest,Pretty
orbiting,Orbit
properties,Property
thickest,Thick
closets,Closet
spools,Spool
dandelions,Dandelion
beauties,Beauty
muscles,Muscle
monitors,Monitor
noses,Nose
supermarkets,supermarket
greengrocers,Greengrocer
bakers,Baker
hemorrhaging,Hemorrhage
Supermarkets,supermarket
bins,Bin
trucked,Truck
exposing,Expose
Suns,Sun
suns,Sun
begged,Beg
strapped,Strap
arrows,Arrow
rays,Ray
Walters,Walter
beggars,Beggar
habitats,Habitat
bordering,Border
replenishes,Replenish
snows,Snow
replenished,Replenish
luckiest,Lucky
celebrating,Celebrate
regulations,Regulation
investments,Investment
voters,Voter
policies,Policy
deposited,Deposit
pitfalls,Pitfall
gulls,Gull
raccoons,Raccoon
dolphins,dolphin
sharks,Shark
pressures,Pressure
currents,Current
bulls,Bull
heralds,Herald
groceries,Grocery
pricked,Prick
snorted,Snort
caressed,Caress
gallops,Gallop
enhances,Enhance
movements,Movement
Botanists,Botanist
photographs,Photograph
Mathematicians,Mathematician
twists,Twist
Meteorologists,Meteorologist
cadavers,Cadaver
discs,Disc
veins,Vein
classrooms,classroom
seasons,Season
germinating,Germinate
rapping,Rap
hobbling,Hobble
crutches,Crutch
sprained,Sprain
Commandments,Commandment
vacations,Vacation
furloughs,Furlough
commandments,Commandment
limped,Limp
Flags,Flag
flags,Flag
Beavers,Beaver
huts,Hut
beasts,Beast
roofs,Roof
frosts,Frost
gnawing,Gnaw
prized,Prize
trappers,Trapper
tricks,Trick
shines,Shine
delights,Delight
cavities,Cavity
patients,Patient
extracted,Extract
stains,Stain
recreating,Recreate
mattered,Matter
foes,Foe
heroes,Hero
demons,Demon
noodles,Noodle
Noodles,Noodle
entrusted,Entrust
Babies,Baby
listened,Listen
violins,Violin
imitated,Imitate
tasted,Taste
screamed,Scream
hardest,Hard
owns,Own
duckies,ducky
tummies,tummy
Ogres,Ogre
troubles,Trouble
Hits,Hit
grounded,ground
conditioners,conditioner
MOUNTAINS,Mountain
shrubs,Shrub
ropes,Rope
tiers,Tier
torrents,Torrent
applies,Apply
drafts,Draft
Visitors,Visitor
migrating,Migrate
wineries,Winery
escaping,Escape
perks,Perk
Coolest,Cool
Happiest,Happy
Seems,Seem
tickles,Tickle
pecking,Peck
faking,Fake
panels,Panel
metering,Meter
hectares,Hectare
megawatts,megawatt
scorers,Scorer
hopefuls,Hopeful
charities,Charity
donations,Donation
struggled,Struggle
promoting,Promote
volunteering,Volunteer
buses,Bus
trams,Tram
posters,Poster
cinemas,cinema
lifts,Lift
screens,Screen
presenters,Presenter
volunteered,Volunteer
blogs,blog
twits,Twit
reused,reuse
marvels,Marvel
Orbiting,Orbit
Russians,Russian
astronauts,astronaut
missions,Mission
destinations,Destination
sprinted,Sprint
parallels,Parallel
reactions,Reaction
counts,Count
regarded,Regard
borrowed,Borrow
wildernesses,Wilderness
quantities,Quantity
gains,Gain
acknowledges,acknowledge
argues,Argue
valuing,Value
participants,Participant
deserves,Deserve
Titans,Titan
counselors,Counselor
sports,Sport
corporations,Corporation
canvases,Canvas
tweets,tweet
Artists,Artist
chooses,Choose
statements,Statement
artists,Artist
reds,Red
oranges,Orange
strokes,Stroke
canopies,Canopy
Squirrels,Squirrel
middens,Midden
grizzlies,Grizzly
replants,Replant
picks,Pick
landmarks,Landmark
stumps,Stump
caches,cache
beaks,Beak
cooperating,Cooperate
tires,Tire
Stickers,Sticker
buys,Buy
overtook,Overtake
trudged,Trudge
ripest,Rip
labors,Labor
Actions,Action
addicting,Addict
Smokes,Smoke
turds,turd
beds,Bed
thanked,thank
meddled,Meddle
meddles,Meddle
dears,Dear
Beans,Bean
sweared,Swear
daisies,Daisy
robes,Robe
Prices,Price
graduating,Graduate
grants,Grant
awarded,Award
grannies,Granny
bookstores,Bookstore
Hallows,Hallow
quitted,Quit
dismounted,Dismount
greeted,Greet
recommenced,Recommence
bugging,Bug
Kittens,Kitten
Puppets,Puppet
kittens,Kitten
dusted,Dust
candies,Candy
stared,Stare
rolls,Roll
Whoops,Whoop
glowed,Glow
meadows,Meadow
lambs,Lamb
pattered,Patter
chestnuts,Chestnut
issued,Issue
announcing,Announce
consecrating,Consecrate
tasks,Task
amusements,Amusement
soothsayers,Soothsayer
responses,Response
administrators,Administrator
urged,Urge
physicians,Physician
blackberries,Blackberry
cents,Cent
quarts,Quart
supposing,Suppose
dreamers,Dreamer
cubed,Cube
nuclei,Nucleus
screened,Screen
foundations,Foundation
powering,Power
incidents,Incident
tours,Tour
Bedouins,Bedouin
sabotaged,Sabotage
editors,Editor
eliminating,Eliminate
displaying,Display
aspersions,Aspersion
instincts,Instinct
mammoths,Mammoth
smells,Smell
Mammoths,Mammoth
coughed,Cough
Animals,Animal
mosquitoes,Mosquito
lions,Lion
Girls,Girl
marrying,Marry
brats,Brat
labs,Lab
patents,Patent
locks,Lock
backers,Backer
arranges,Arrange
bulbs,Bulb
Sports,Sport
Ladies,Lady
pets,pet
Workers,Worker
badges,Badge
Assisting,Assist
explored,Explore
gobbles,Gobble
azaleas,Azalea
bucks,Buck
Matthews,Matthew
dabbling,Dabble
screams,Scream
plunged,Plunge
mornings,Morning
Mexicans,Mexican
syllables,Syllable
uglier,Ugly
equaling,Equal
denied,Deny
marigolds,Marigold
begs,Beg
doves,Dove
Rags,Rag
wags,Wag
assumptions,Assumption
chromosomes,Chromosome
bales,Bale
destructions,Destruction
exceeded,Exceed
fifths,Fifth
propelled,Propel
charted,Charte
planters,Planter
pirated,Pirate
swords,Sword
tragedies,Tragedy
diapers,Diaper
landfills,landfill
interfered,Interfere
Exiles,Exile
bastards,Bastard
starships,starship
Protectors,Protector
boulders,Boulder
manias,Mania
teenagers,Teenager
Manias,Mania
harnessing,Harness
snowing,Snow
digits,digit
spacesuits,spacesuit
alleyways,Alleyway
corridors,Corridor
Pedicabs,pedicab
Reinstated,Reinstate
hotels,Hotel
museums,Museum
Ching,Ch
Cruises,Cruise
contradicted,Contradict
ideals,Ideal
existed,Exist
gins,Gin
ching,Ch
chickens,Chicken
prawns,Prawn
leeks,Leek
WHISPERS,Whisper
CHUCKLES,Chuckle
rustled,Rustle
waked,Wake
benefited,Benefit
predicts,Predict
influencers,Influencer
theirs,Their
rummaging,Rummage
wreaths,Wreath
Pumpkins,Pumpkin
Fingers,Finger
brigands,Brigand
questioned,Question
lashes,Lash
lightest,Light
centimeters,Centimeter
bumped,Bump
perceptions,Perception
mechanisms,Mechanism
referring,Refer
simulators,Simulator
imprints,Imprint
couples,Couple
inputs,input
benchmarking,benchmark
interprets,Interpret
perceives,Perceive
Differences,Difference
Sighs,Sigh
Clears,Clear
Elias,Elia
Resources,Resource
journalists,Journalist
Scoffs,Scoff
pests,Pest
dragons,dragon
Gnomes,Gnome
Nadders,Nadder
hordes,Horde
Nightmares,Nightmare
Furys,Fury
torches,Torch
toothpicks,Toothpick
defenses,Defense
catapults,Catapult
bikes,Bike
footpaths,Footpath
forfeits,Forfeit
bumping,Bump
endeavouring,endeavour
sidled,Sidle
rustlings,rustling
flutterings,fluttering
reads,Read
dimensions,Dimension
nanometers,nanometer
flights,Flight
cousins,Cousin
installed,Install
USS,Us
counterparts,Counterpart
gravest,Grave
academies,Academy
spiriting,Spirit
nerds,nerd
hiking,Hike
nods,Nod
smiles,Smile
forepaws,forepaw
protruded,Protrude
frowns,Frown
brows,Brow
bothers,Bother
bothering,Bother
freemen,Freeman
promoted,Promote
harpoons,Harpoon
lancing,Lance
sundials,Sundial
obelisks,obelisk
Sundials,Sundial
casts,Cast
Hourglasses,Hourglass
pours,Pour
indicates,Indicate
sparked,Spark
relied,Rely
tests,Test
planetes,Planet
Greeks,Greek
careers,Career
mashed,MASH
crammed,Cram
spoons,Spoon
thorns,Thorn
warbled,Warble
succeeds,Succeed
benefiting,Benefit
flashes,Flash
Regions,Region
strikes,Strike
extends,Extend
volts,Volt
tornadoes,Tornado
resolutions,Resolution
weekdays,weekday
hamburgers,hamburger
slices,Slice
bakeries,Bakery
pastries,Pastry
Huns,Hun
antioxidants,antioxidant
sowing,Sow
pitied,Pity
repented,Repent
wounds,Wound
experimented,Experiment
Boxes,Box
crates,Crate
envisaged,Envisage
shipments,Shipment
boxes,Box
decks,Deck
naysayers,naysayer
desires,Desire
Belgians,Belgian
Catholics,Catholic
Presbyterians,Presbyterian
migrations,Migration
Families,Family
risking,Risk
encapsulates,encapsulate
wagons,Wagon
captured,Capture
crossings,Crossing
illuminates,Illuminate
cargos,Cargo
messing,Mess
defrauded,Defraud
Vegas,Vega
pirates,Pirate
cooks,Cook
engines,Engine
Automobiles,Automobile
Trucks,Truck
Motorcycles,motorcycle
Cars,Car
stomata,Stoma
chloroplasts,Chloroplast
yawing,Yaw
calculations,Calculation
sextants,Sextant
toiled,Toil
logarithms,Logarithm
Logarithms,Logarithm
founders,Founder
robots,robot
Robots,robot
meals,Meal
reminding,Remind
brightest,Bright
sustains,Sustain
nights,Night
bravest,Brave
tallest,Tall
Makes,make
decimals,Decimal
irrationals,irrational
fractions,Fraction
counteracts,Counteract
absorbs,Absorb
removes,Remove
subsidies,Subsidy
Studies,Study
explanations,Explanation
cedars,cedar
beetles,Beetle
elevations,Elevation
pancakes,Pancake
overreacting,overreact
smoothest,Smooth
resounded,Resound
cellars,Cellar
Aling,Ale
ALing,Ale
ALING,Ale
casks,Cask
floors,Floor
shovelling,Shovel
parapets,Parapet
exchanging,exchange
waistcoats,Waistcoat
Onions,Onion
Friars,Friar
shelves,Shelf
glanced,Glance
pears,Pear
pyramids,Pyramid
filberts,filbert
recalling,Recall
shufflings,Shuffling
Biffins,Biffin
entreating,Entreat
Questions,Question
lenses,lense
doohickeys,doohickey
scrapings,Scraping
animalcules,Animalcule
angels,Angel
freezes,Freeze
prettier,Pretty
hurts,Hurt
freaked,Freak
criticizing,criticize
prayed,Pray
flurries,Flurry
fractals,fractal
crystallizes,Crystallize
targets,Target
Tyrannosaurs,tyrannosaur
lured,Lure
checks,Check
buffs,Buff
fights,Fight
snacks,Snack
crosses,Crosse
Trials,Trial
solves,Solve
slays,Slay
dragged,Drag
illusions,Illusion
artifacts,Artifact
SCALES,Scale
scales,Scale
cups,Cup
asks,Ask
cans,Can
tapes,Tape
chefs,Chef
stomachs,Stomach
byproducts,byproduct
microorganisms,Microorganism
balances,Balance
hastened,Hasten
reams,Ream
rivets,Rivet
weighs,Weigh
fatalities,Fatality
winched,Winch
advocated,Advocate
critics,Critic
painters,Painter
attributed,Attribute
Populations,Population
hypotheses,Hypothesis
parasites,Parasite
larvae,Larva
attacks,Attack
attributes,Attribute
Bears,Bear
clawing,Claw
undermining,Undermine
trifled,Trifle
calves,Calf
moons,Moon
dormitories,Dormitory
staircases,Staircase
posses,Posse
rags,Rag
furs,Fur
leggings,Legging
mammas,Mamma
nicest,NIC
scolded,Scold
DUCKS,Duck
bushes,Bush
drifted,Drift
snaps,Snap
likeing,Like
dumbest,Dumb
gorillas,Gorilla
delinquents,Delinquent
weirdoes,weirdo
morons,Moron
cooped,Coop
practices,Practice
certifications,Certification
Companies,Company
marketed,Market
joints,Joint
sausages,Sausage
oysters,Oyster
sprinklings,Sprinkling
keepers,Keeper
Pandas,panda
illnesses,Illness
pandas,panda
zoos,zoo
teaches,Teache
swiftest,Swift
Lions,Lion
steals,Steal
tendons,Tendon
punishments,Punishment
quarreled,Quarrel
thanking,thank
Obeying,Obey
crowed,Crow
dinners,dinner
adrenals,Adrenal
ogres,Ogre
penguins,Penguin
Antibiotics,antibiotic
antibiotics,antibiotic
diseases,Disease
injuring,Injure
quickened,Quicken
reductions,Reduction
prisons,Prison
workhouses,Workhouse
bluffing,Bluff
bills,Bill
puffes,Puff
folds,Fold
giraffes,giraffe
Lingling,Lingle
closes,Close
repeats,Repeat
coordinates,Coordinate
expecting,Expect
descriptors,descriptor
puffs,Puff
cupcakes,cupcake
pricklies,Prickly
zipping,Zip
pins,Pin
basements,Basement
agencies,agency
determines,Determine
capturing,Capture
Tracks,Track
snipes,Snipe
SOUNDS,Sound
harps,Harp
rows,Row
sacks,Sack
storing,Store
refuses,Refuse
fuses,Fuse
reactors,Reactor
personalities,Personality
pleasures,Pleasure
BIRDS,Bird
flits,Flit
softest,Soft
dwellings,Dwelling
snowstorms,Snowstorm
fronts,Front
dirtier,Dirty
carts,Cart
waggons,waggon
recrossed,Recross
descended,Descend
clearest,Clear
endeavoured,endeavour
grieved,Grieve
praised,Praise
informs,Inform
magnifying,Magnify
easiest,Easy
sunrays,sunray
flips,Flip
symbolized,Symbolize
Willys,Willy
jeeps,jeep
deployed,Deploy
rages,Rage
barbs,Barb
ranches,Ranch
colonies,Colony
radicals,Radical
doubters,Doubter
outnumbered,Outnumber
Rights,Right
gays,Gay
toxins,Toxin
sputtered,Sputter
cantilevered,Cantilever
apps,app
burgeoning,Burgeon
guides,Guide
saves,Save
deepest,Deep
sympathies,Sympathy
addresses,Address
entailed,Entail
owes,Owe
caps,Cap
disrupting,Disrupt
shutters,Shutter
lads,Lad
aches,Ache
suggestions,Suggestion
orbits,Orbit
craters,Crater
Craters,Crater
crashed,Crash
hottest,Hot
volcanoes,Volcano
canyons,Canyon
Pilgrims,Pilgrim
internships,internship
Moons,Moon
schoolmates,Schoolmate
osteoclasts,osteoclast
Grocers,Grocer
gaps,Gap
glimpses,Glimpse
canisters,Canister
scents,Scent
raisins,Raisin
almonds,Almond
caked,Cake
lookers,Looker
figs,Fig
plums,Plum
blushed,Blush
tumbled,Tumble
purchases,Purchase
aprons,Apron
daws,Daw
Yogis,Yogi
breathes,Breathe
exerting,Exert
strengthens,Strengthen
pools,Pool
origins,Origin
geologists,Geologist
cracks,Crack
dresses,Dress
birthdays,Birthday
obeying,Obey
quarks,quark
neutrinos,neutrino
universes,Universe
cycles,Cycle
strains,Strain
infects,Infect
enzymes,enzyme
papayas,papaya
yields,Yield
pesticides,pesticide
Introducing,Introduce
transports,Transport
churches,Church
lustiest,Lusty
peals,Peal
clicked,Click
complained,Complain
shuttles,Shuttle
demonstrating,Demonstrate
aiming,Aim
marched,Marche
pandemics,Pandemic
chills,Chill
headaches,Headache
recalled,Recall
cheekbones,cheekbone
extending,Extend
hemorrhaged,Hemorrhage
bunks,Bunk
Britons,Briton
screws,Screw
balustrades,Balustrade
lamps,Lamp
dispelled,Dispel
merrier,Merry
obtained,Obtain
collars,Collar
deliberating,Deliberate
stowed,Stowe
numbered,Number
deployments,deployment
Flakes,Flake
coconuts,coconut
spearing,Spear
humored,Humor
fellows,Fellow
HUMORED,Humor
FELLOWS,Fellow
pleases,Please
roused,Rouse
darkest,Dark
monsters,Monster
flees,Flee
outgrown,Outgrow
upgraded,upgrade
herbs,Herb
skipping,Skip
threatens,Threaten
Accidents,Accident
coolers,Cooler
workplaces,workplace
spills,Spill
films,Film
funniest,Funny
acorns,Acorn
frisks,Frisk
dined,Dine
tempers,Temper
dancings,Dancing
Stomping,Stomp
Skipping,Skip
Awaking,Awake
despatched,Despatch
Gentlemen,Gentleman
extremes,Extreme
venturing,Venture
calms,Calm
cocks,Cock
owls,Owl
Owls,Owl
scorpions,Scorpion
Communities,Community
Ecosystems,ecosystem
preparations,Preparation
guests,Guest
witches,Witch
gatherings,Gathering
Blessings,Blessing
exulted,Exult
dotting,Dot
specks,Speck
kenned,Ken
youths,Youth
ladders,Ladder
Villagers,Villager
SOLDIERS,Soldier
bayonets,Bayonet
scouted,Scout
Streamed,Stream
blowhards,blowhard
octopi,Octopus
Penguins,Penguin
apologies,Apology
breaches,Breach
motions,Motion
cues,Cue
motors,Motor
harboring,Harbor
Flights,Flight
disasters,Disaster
farewells,Farewell
graders,Grader
desks,Desk
offices,Office
dinning,Din
enjoys,Enjoy
Factories,Factory
Bags,Bag
Adopting,Adopt
brushes,Brush
roved,Rove
purposes,Purpose
theaters,Theater
Bums,Bum
bums,Bum
Floorboards,floorboard
hens,Hen
goslings,Gosling
paddling,Paddle
drowning,Drown
Wagons,Wagon
Waring,Ware
stinks,Stink
emanations,Emanation
putrefying,Putrefy
recruits,Recruit
uniforms,Uniform
improves,Improve
girded,Gird
trembled,Tremble
Eves,Eve
clapped,Clap
sings,Sing
fighters,Fighter
hoses,Hose
Firefighters,firefighter
firefighters,firefighter
tolled,Toll
bananas,Banana
whipped,Whip
streamed,Stream
ghosts,Ghost
shuffled,Shuffle
grandparents,grandparent
ranks,Rank
groped,Grope
frightens,Frighten
Pancakes,Pancake
victims,Victim
voices,Voice
addressing,Address
confronted,Confronte
efforts,Effort
marathons,marathon
BURPS,burp
MEOWS,Meow
Carrots,Carrot
weirdos,weirdo
strongest,Strong
seafarers,Seafarer
sails,Sail
oars,Oar
landings,Landing
portages,Portage
pagans,Pagan
monasteries,Monastery
settlements,Settlement
shores,Shore
Northmen,Northman
assimilated,Assimilate
Christianized,Christianize
barbarians,Barbarian
savages,Savage
Apples,Apple
sideburns,sideburn
sneakers,Sneaker
reefs,Reef
Corals,Coral
polyps,Polyp
secreting,Secrete
supplements,Supplement
Reefs,Reef
tourists,Tourist
contortions,Contortion
roared,Roar
statues,Statue
milligrams,Milligram
ceremonies,Ceremony
aristocrats,Aristocrat
taxed,Tax
elders,Elder
signs,Sign
winters,Winter
Lakes,Lake
rubs,Rub
strolled,Stroll
ripples,Ripple
buzzed,Buzz
STICKS,Stick
revelled,Revel
Daming,Dame
DOGS,Dog
hitches,Hitch
jumps,jump
navigators,Navigator
latitudes,Latitude
Fowls,Fowl
clucked,Cluck
strutted,Strut
stables,Stable
sheds,Shed
boughs,Bough
clicking,Click
examinations,Examination
inspects,Inspect
instructs,Instruct
switches,Switch
Vaccinations,Vaccination
schedules,Schedule
junctions,Junction
differences,Difference
Experiments,Experiment
profited,Profit
applauded,Applaud
pleaded,Plead
Says,Say
honors,Honor
philosophers,Philosopher
mystics,Mystic
teases,Tease
folktales,folktale
adversaries,Adversary
popularizing,Popularize
Bugs,Bug
hugged,Hug
sacrificed,Sacrifice
greets,Greet
shakes,Shake
cartons,Carton
envelopes,Envelope
emails,email
Enjoying,Enjoy
Hundreds,Hundred
reacts,React
captures,Capture
colonists,Colonist
flakes,Flake
flocks,Flock
firs,Fir
nightgowns,Nightgown
captains,Captain
fairies,Fairy
clued,Clue
skins,Skin
foreheads,Forehead
cavemen,caveman
Erfs,Erf
Discoveries,Discovery
Peaches,Peach
toughest,Tough
clanked,Clank
indicting,Indict
faltered,Falter
Farms,Farm
turbines,Turbine
Eliminating,Eliminate
prisoners,Prisoner
peeping,Peep
wires,Wire
Oceans,Ocean
domains,Domain
droughts,Drought
roommates,Roommate
horns,Horn
rediscovered,Rediscover
positions,Position
irritates,Irritate
obeys,Obey
classmates,Classmate
ensued,Ensue
shouts,Shout
subsided,Subside
growled,Growl
grunted,Grunt
Lanterns,Lantern
lanterns,Lantern
decorations,decoration
venders,Vender
swooped,Swoop
sharpest,Sharp
catches,Catch
compels,Compel
robs,Rob
fishhawks,Fishhawk
observers,Observer
behaving,Behave
hinted,Hint
ventured,Venture
beckoned,Beckon
paces,pace
pocketed,Pocket
Saturdays,Saturday
roomed,Room
ribbons,Ribbon
rejoiced,Rejoice
yearned,Yearn
tiles,Tile
technicians,Technician
Waitresses,Waitress
lunatics,Lunatic
scones,Scone
Earths,Earth
axes,Axe
riddles,Riddle
multitudes,Multitude
reapers,Reaper
cradles,Cradle
millstones,Millstone
kneading,Knead
bedrooms,Bedroom
undergone,Undergo
glistened,Glisten
repels,Repel
medals,Medal
fireworks,firework
leaned,Lean
yawned,Yawn
barked,Bark
KITTENS,Kitten
receded,Recede
proportions,Proportion
tenderest,Tender
purest,Pur
jams,Jam
detectors,Detector
transducers,transducer
impulses,Impulse
transistors,Transistor
activators,activator
removing,Remove
bundles,Bundle
glared,Glare
globes,Globe
administered,Administer
instalments,instalment
dainties,Dainty
racehorses,racehorse
Humored,Humor
Fellows,Fellow
metres,Metre
learnt,Learn
divisions,Division
reproductives,Reproductive
fertilizing,Fertilize
wasps,Wasp
electrocuted,Electrocute
probed,Probe
labourers,labourer
repairing,Repair
overflowings,Overflowing
sprigs,Sprig
Poulterers,Poulterer
trades,Trade
raged,Rage
caverns,Cavern
prongs,Prong
widened,Widen
twirled,Twirl
translations,Translation
dryers,Dryer
toothbrushes,Toothbrush
concerts,Concert
declares,Declare
reservations,Reservation
exiles,Exile
pillows,Pillow
cartoons,Cartoon
offences,Offence
suffers,Suffer
whims,Whim
snowdrifts,Snowdrift
kitchens,Kitchen
inventing,Invent
molars,molar
tonsils,Tonsil
Cavities,Cavity
Trees,Tree
understands,Understand
necks,Neck
elbows,Elbow
excuses,Excuse
sleeps,Sleep
toes,Toe
tulips,Tulip
mysteries,Mystery
Bees,Bee
drones,Drone
stings,Sting
dawns,Dawn
tints,Tint
Winds,Wind
Dewdrops,Dewdrop
lawns,Lawn
sheaves,Sheaf
flows,Flow
Boughs,Bough
Fireflies,Firefly
slings,Sling
stevedores,Stevedore
coolest,Cool
lockers,Locker
folders,Folder
backpacks,backpack
notebooks,Notebook
pencils,Pencil
quizzed,Quiz
buttoning,Button
boasted,Boast
Brought,Bring
flashlights,flashlight
programmes,Program
earthlings,Earthling
collectors,Collector
develops,Develop
oaks,Oak
buckled,Buckle
darted,Dart
beams,Beam
hometowns,hometown
villages,Village
tickets,Ticket
Posters,Poster
quitting,Quit
Florens,Floren
ducklings,Duckling
swallows,Swallow
petals,Petal
slowed,Slow
Hobbits,hobbit
Dwarves,Dwarf
hobbits,hobbit
truest,True
appraised,Appraise
chalked,Chalk
pupils,Pupil
lilies,Lily
streaks,Streak
disdaining,Disdain
warded,Ward
curls,Curl
Girded,Gird
endeavors,Endeavor
nets,Net
upped,Up
obstacles,Obstacle
arisen,Arise
fixes,Fix
Allergies,allergy
Seasons,Season
Flowers,Flower
Passengers,passenger
tempted,Tempt
Neighbors,Neighbor
reviewed,Review
Nurses,Nurse
Reflexes,Reflex
reflexes,Reflex
attempting,Attempt
darting,Dart
merriest,Merry
buds,Bud
Hospitals,Hospital
Doctors,doctor
bosses,Boss
secretaries,Secretary
kangaroos,kangaroo
monkeys,Monkey
cheats,Cheat
escorted,Escort
longed,Longe
terrors,Terror
lunches,Lunch
chats,Chat
attics,Attic
Harnessing,Harness
elbowed,Elbow
attaches,Attache
opens,Open
towers,Tower
employs,Employ
exchanges,exchange
yogis,Yogi
therapists,therapist
hiccups,hiccup
airways,airway
alveoli,Alveolus
mused,Muse
wailings,wailing
phantoms,Phantom
prentices,Prentice
echoed,Echo
endeavoring,Endeavor
Checking,Check
Systems,System
avocados,Avocado
quizzes,Quiz
outcomes,Outcome
budded,Bud
bloomed,Bloom
yells,Yell
reacted,React
Volunteering,Volunteer
foresters,Forester
camps,Camp
colleges,College
exams,exam
wanders,Wander
cramming,Cram
propping,Prop
gulps,Gulp
stonewares,Stoneware
Dynasties,Dynasty
kilns,Kiln
provinces,Province
porcelains,Porcelain
embraces,Embrace
motifs,Motif
dynasties,Dynasty
instigated,Instigate
ores,Ore
influenced,Influence
spouts,Spout
bathed,Bathe
comings,Coming
goings,Going
winners,Winner
Photovoltaics,photovoltaic
Alamos,Alamo
facilitates,Facilitate
forgiven,Forgive
shivered,Shiver
idiosyncrasies,Idiosyncrasy
peels,Peel
aldermen,Alderman
fragments,Fragment
laths,Lath
grades,Grade
financiers,Financier
Bills,Bill
guilders,Guilder
authorizing,Authorize
tastiest,Tasty
dressings,Dressing
combines,Combine
quarrels,Quarrel
makers,Maker
crystals,Crystal
nurses,Nurse
remedies,Remedy
proposes,Propose
bandages,Bandage
benches,Bench
rejoices,Rejoice
establishments,Establishment
wastes,Waste
hazards,Hazard
embarks,Embark
bombed,Bomb
Sert%C3%B3n,Sert&#195;&#179;n
saddles,Saddle
fences,Fence
ensuring,Ensure
symptoms,Symptom
rejoined,Rejoin
themes,Theme
Eked,Eke
steeped,Steep
eyebrows,eyebrow
witnesses,Witness
paused,Pause
campers,Camper
simmered,Simmer
Mixes,Mix
Churns,Churn
frowned,Frown
societies,Society
disagreed,Disagree
fished,Fish
waded,Wade
Looked,Look
sweetest,Sweet
cereals,Cereal
ferments,Ferment
delicacies,Delicacy
coasted,Coast
packages,Package
bristling,Bristle
clasped,Clasp
padlocks,Padlock
ledgers,Ledger
purses,Purse
fetched,Fetch
kindnesses,Kindness
fluttered,Flutter
intentions,Intention
Pictures,Picture
competitions,Competition
recognizes,Recognize
indicators,Indicator
upholds,Uphold
maintains,Maintain
Scriptures,Scripture
Cains,Cain
Abels,Abel
Abrahams,Abraham
Belshazzars,Belshazzar
purring,Purre
wagging,Wag
Tickets,Ticket
Westerners,Westerner
Italians,Italian
forks,Fork
strips,Strip
fancying,Fancy
diagrams,Diagram
blankets,Blanket
liquids,Liquid
disrupts,Disrupt
harming,Harm
blooms,Bloom
corals,Coral
weakens,Weaken
abandoning,Abandon
ducts,Duct
parlours,parlour
Monkeys,Monkey
thunderclouds,Thundercloud
flashed,Flash
manatees,manatee
cheetahs,Cheetah
swamps,Swamp
weights,Weight
busier,Busy
weekends,weekend
Taylors,Taylor
intrigued,Intrigue
interfaces,interface
coughs,Cough
colds,Cold
demands,Demand
Adults,Adult
assignments,Assignment
Clouds,Cloud
Butterflies,Butterfly
chases,Chase
firecrackers,firecracker
exclaims,Exclaim
prattling,Prattle
cliches,Cliche
religions,Religion
garments,Garment
Genii,Genius
griping,Gripe
sweaters,Sweater
BUBBLES,Bubble
Mothers,Mother
persecuted,Persecute
goblins,Goblin
gyms,gym
Hiking,Hike
picnics,Picnic
Astronauts,astronaut
externalities,Externality
cancels,Cancel
communicated,Communicate
Helpers,Helper
scooped,Scoop
steeples,Steeple
flocking,Flock
gayest,Gay
lanes,Lane
turnings,Turning
revellers,reveller
jostled,Jostle
humoured,humour
blithest,Blithe
ponies,Pony
trotting,Trot
travellers,traveller
byways,Byway
Tastes,Taste
Foggier,Foggy
nipped,Nip
gnawed,Gnaw
mumbled,Mumble
snuffed,Snuff
circles,Circle
overslept,Oversleep
friendships,Friendship
roses,Rose
spins,Spin
solids,Solid
delivering,Deliver
carrots,Carrot
innovated,Innovate
surmised,Surmise
dispelling,Dispel
housekeepers,Housekeeper
shrieks,Shriek
Fishes,Fish
heaviest,Heavy
Sharks,Shark
motives,Motive
underdogs,underdog
mustered,Muster
styles,Style
horizons,Horizon
programs,Program
cleans,Clean
Teenagers,Teenager
Doubts,Doubt
Pushes,Push
Takes,Take
foldings,Folding
freshest,Fresh
shreds,Shred
Chores,Chore
pouted,Pout
rocked,Rock
stepping,Step
files,File
stereos,stereo
Microphones,microphone
taxonomists,Taxonomist
salamanders,Salamander
boosts,Boost
Choosing,Choose
scarves,Scarf
spends,Spend
generated,Generate
developers,Developer
rustles,Rustle
canceled,Cancel
decorating,Decorate
sweets,Sweet
pumpkins,Pumpkin
costumes,Costume
tumblers,Tumbler
goblets,Goblet
resorts,Resort
Knows,Know
peeked,Peek
Scorpions,Scorpion
responded,Respond
courts,Court
Buses,Bus
heightened,Heighten
stomachaches,stomachache
apprentices,Apprentice
harms,Harm
warmest,Warm
segments,Segment
candidates,Candidate
cheers,Cheer
hisses,Hiss
objected,Object
mulled,Mull
precepts,Precept
penetrated,Penetrate
Alleys,Alley
archways,Archway
cesspools,Cesspool
disgorged,Disgorge
reeked,Reek
Secrets,Secret
sepulchres,sepulchre
organizing,Organize
customizing,customize
lugs,Lug
raced,Race
glittered,Glitter
fluctuated,Fluctuate
heeded,Heed
thoroughfares,Thoroughfare
festivals,Festival
Schools,School
diverged,Diverge
doubted,Doubt
tongues,Tongue
infinities,Infinity
wheelchairs,wheelchair
rents,Rent
seekers,Seeker
demanded,Demand
Hides,Hide
hides,Hide
Robinsons,Robinson
Pyramids,Pyramid
kings,King
cinders,Cinder
Magness,Magnes
sponsored,Sponsor
Debates,Debate
selections,Selection
submitted,Submit
sciences,Science
considering,Consider
scandals,Scandal
abuses,Abuse
stages,Stage
scorning,Scorn
reddening,Redden
curtaining,Curtain
tatters,Tatter
browns,Brown
wrestled,Wrestle
Michaels,Michael
pinks,Pink
blossoms,Blossom
levies,Levy
listeners,Listener
spines,Spine
urchins,Urchin
cleaved,Cleave
accents,Accent
overheard,Overhear
shillings,Shilling
Tentacles,Tentacle
spectators,Spectator
fouls,Foul
penalties,Penalty
Referees,Referee
tolerated,Tolerate
commits,Commit
deadest,Dead
ancestors,Ancestor
basking,Bask
hummed,Hum
festivities,Festivity
Hans,Han
Holidays,Holiday
chimes,Chime
repassed,Repass
coaches,Coach
phoned,Phone
moaned,Moan
gills,Gill
repleted,Replete
battling,Battle
dribbled,Dribble
scored,Score
ringlets,Ringlet
contriving,Contrive
recoiled,Recoil
remixes,Remix
advancements,Advancement
boobs,boob
clasping,Clasp
odours,odour
joys,Joy
hustled,Hustle
rallied,Rally
giants,Giant
Miners,Miner
Rainbows,Rainbow
Spiders,Spider
capsizes,Capsize
inherits,Inherit
redheads,Redhead
reshuffled,reshuffle
listens,Listen
Likes,Like
hotdogs,hotdog
Cheers,Cheer
Officials,Official
blaming,Blame
Computers,Computer
erasers,Eraser
relents,Relent
relenting,Relent
Treating,Treat
treating,Treat
greetings,Greeting
bullies,Bully
rescuers,Rescuer
chatted,Chat
Sheets,Sheet
teaspoons,Teaspoon
scaring,Scare
designs,Design
emblems,Emblem
obscured,Obscure
sitcoms,sitcom
operas,Opera
evergreens,Evergreen
inquired,Inquire
pleasantest,Pleasant
crayons,Crayon
Beds,Bed
converting,Convert
capabilities,Capability
enshrouded,Enshroud
bolts,Bolt
undressing,Undress
conversed,Converse
halls,Hall
delivers,Deliver
prefers,Prefer
smacks,Smack
princesses,Princesse
shoving,Shove
resisted,Resist
remonstrated,Remonstrate
sprayed,Spray
athletes,Athlete
disabilities,disability
Planes,Plane
misses,Miss
Robbing,Rob
complains,Complain
playgrounds,Playground
separates,Separate
loudest,Loud
bites,Bite
Streets,Street
Pacers,pacer
exercises,Exercise
commented,Comment
postcards,postcard
cutest,Cut
loveliest,Lovely
silliest,Silly
swirls,Swirl
Tornadoes,Tornado
twisters,Twister
Directions,Direction
broguing,Brogue
Shakes,Shake
buttercups,Buttercup
peeps,Peep
detained,Detain
repulsed,Repulse
spaceships,spaceship
riders,Rider
busiest,Busy
courses,Course
rills,Rill
sighs,Sigh
Films,Film
pats,Pat
laziest,Lazy
dewdrops,Dewdrop
kisses,Kiss
islanders,Islander
positioned,Position
constellations,Constellation
mislaying,Mislay
frisked,Frisk
Heads,Head
Positions,Position
schoolbags,schoolbag
favourites,favourite
kilometres,kilometre
camped,Camp
laces,Lace
sandals,Sandal
holiest,Holy
Speakers,Speaker
glided,Glide
staggered,Stagger
emperors,Emperor
Roaming,Roam
woodlands,Woodland
Softest,Soft
hovels,Hovel
forges,Forge
labours,labour
Fans,Fan
professes,Profess
aspirations,Aspiration
engrosses,Engross
sandwiches,Sandwich
Notting,Nott
drums,Drum
performers,Performer
advertisements,Advertisement
recompensed,Recompense
proudest,Proud
implored,Implore
doorways,Doorway
tarred,Tar
gutters,Gutter
barks,Bark
Prepares,Prepare
combs,Comb
Tomatoes,Tomato
watermelons,Watermelon
economies,economy
microwaved,microwave
procuring,Procure
passions,Passion
Cooks,Cook
cookbooks,Cookbook
cubes,Cube
onions,Onion
cucumbers,Cucumber
composers,Composer
waltzes,Waltz
Fridays,Friday
autumns,Autumn
chatting,Chat
nestlings,Nestling
siblings,sibling
hungrier,Hungry
benefitted,Benefit
loans,Loan
bankers,Banker
partnerships,Partnership
talian,Italian
ramparts,Rampart
warned,Warn
Cheeks,Cheek
Trudging,Trudge
inaugurated,Inaugurate
selecting,Select
peppers,Pepper
melons,Melon
cantaloupes,Cantaloupe
stamps,Stamp
phoning,Phone
recognising,recognise
caf%C3%A9s,caf&#195;&#169;s
moods,Mood
migrants,Migrant
cruising,Cruise
Preconceptions,Preconception
loitered,Loiter
attractions,Attraction
monopolized,Monopolize
lurked,Lurk
harbors,Harbor
afforded,Afford
recommends,Recommend
kites,Kite
robbers,Robber
friendlier,Friendly
funnier,Funny
lazier,Lazy
Waited,Wait
breasts,Breast
toured,Tour
misfits,Misfit
troublemakers,troublemaker
pegs,Peg
engineers,Engineer
coasts,Coast
breakwaters,Breakwater
ravages,Ravage
disclaimed,Disclaim
clutching,Clutch
intercedes,Intercede
pities,Pity
unlocking,Unlock
nanotubes,nanotube
composites,Composite
batteries,Battery
steered,Steer
Steered,Steer
bathrooms,bathroom
Talents,Talent
Tuesdays,Tuesday
Thursdays,Thursday
talents,Talent
airports,airport
Symbols,Symbol
flogs,Flog
Places,Place
snowshoes,Snowshoe
Snowshoes,Snowshoe
dogsleds,dogsled
pulls,Pull
Toys,Toy
saturates,Saturate
circulates,Circulate
goofballs,goofball
Canadians,Canadian
ponds,Pond
Pesticides,pesticide
Traces,Trace
poisons,Poison
insecticides,Insecticide
inhibitors,Inhibitor
fisted,Fist
Birthdays,Birthday
teahouses,teahouse
metals,Metal
coins,Coin
Coins,Coin
persevered,Persevere
prizes,Prize
smears,Smear
narrowest,Narrow
obscuring,Obscure
enthroned,Enthrone
devils,Devil
summers,Summer
showers,Shower
cites,Cite
births,Birth
camels,camel
tents,Tent
cannibals,Cannibal
terrorists,Terrorist
chariots,Chariot
empires,Empire
sobbed,Sob
patted,Pat
Tourists,Tourist
Writers,Writer
Zoos,zoo
centres,centre
routines,Routine
perfecting,Perfect
splits,Split
drills,Drill
climbers,Climber
fines,fine
obstructions,Obstruction
Darlings,darling
Mapes,Map
achievements,Achievement
Expecting,Expect
snowed,Snow
Decembers,December
Earthquakes,Earthquake
Stronger,Strong
stonemasons,stonemason
tycoons,Tycoon
heartier,Hearty
hosts,Host
jackets,Jacket
knots,Knot
cloths,Cloth
superstars,superstar
albums,Album
Helicopters,Helicopter
shipwrights,Shipwright
coopers,Cooper
payments,Payment
mails,Mail
abounded,Abound
Elephants,Elephant
forgets,Forget
translating,Translate
solemnised,solemnise
hosted,Host
chiefs,Chief
gods,God
myths,Myth
legends,Legend
imitates,Imitate
climbs,Climb
successes,Success
Celebrations,Celebration
broomsticks,Broomstick
doorbells,doorbell
toilets,Toilet
CLOUDS,Cloud
Woolens,Woolen
manufacturers,Manufacturer
linens,Linen
petunias,Petunia
agrees,Agree
presidents,President
Thanksgivings,Thanksgiving
Clinging,Cling
argued,Argue
Readers,Reader
handicrafts,Handicraft
textiles,Textile
mamas,Mama
llamas,Llama
fossils,Fossil
cheapest,Cheap
crisps,Crisp
Cheeseburgers,cheeseburger
scooters,scooter
progressed,Progress
luxuries,Luxury
transgressions,Transgression
pardons,Pardon
Problems,Problem
tombs,Tomb
Calendars,Calendar
doughnuts,Doughnut
rabbits,Rabbit
Pigs,Pig
Rabbits,Rabbit
stonewalls,stonewall
Gods,God
Waves,Wave
conclusions,Conclusion
contexts,Context
classifying,Classify
matures,Mature
crocodiles,Crocodile
afternoons,Afternoon
intervals,Interval
regimes,Regime
fluctuations,Fluctuation
learners,Learner
fens,Fen
Texting,Text
footballs,football
handbags,handbag
subways,Subway
Courses,Course
restrooms,restroom
DJs,DJ
adapts,Adapt
brands,Brand
bluer,Blue
bleats,Bleat
Runs,Run
Nods,Nod
shuts,Shut
Artic,Arctic
Worms,Worm
permitting,Permit
aliens,Alien
undergoes,Undergo
toddlers,Toddler
tricycles,Tricycle
Toilets,Toilet
discovering,Discover
Dreams,Dream
milked,Milk
Warriors,Warrior
howls,Howl
Winters,Winter
rented,Rente
trainers,Trainer
advertisers,Advertiser
requests,Request
Snakes,Snake
neighbours,neighbour
warns,Warn
ladybugs,Ladybug
Giraffes,giraffe
Passed,passe
markings,Marking
Bushmen,Bushman
entrances,Entrance
recesses,Recess
Dolphins,dolphin
implying,Imply
Shadows,Shadow
gushers,Gusher
robbing,Rob
Watermelons,Watermelon
autotrophs,autotroph
Neanderthals,neanderthal
unraveling,Unravel
Tours,Tour
civilizations,Civilization
exchangers,Exchanger
preformed,Preform
tissues,Tissue
resins,Resin
tannins,Tannin
glycosides,glycoside
alkaloids,Alkaloid
deterrents,Deterrent
raindrops,Raindrop
Compared,Compare
celebrates,Celebrate
parades,Parade
crazier,Crazy
linking,Link
rites,Rite
rulers,Ruler
Climbed,Climb
breaths,Breath
salads,Salad
convictions,Conviction
reappeared,Reappear
mushrooms,Mushroom
Creating,Create
disruptions,Disruption
koalas,Koala
beginnings,Beginning
zigzagging,Zigzag
deficiencies,Deficiency
Vegetables,Vegetable
Sandwiches,Sandwich
focuses,Focus
similarities,Similarity
Forgetting,Forget
blanks,Blank
tidying,Tidy
depicts,Depict
skyscrapers,Skyscraper
desserts,Dessert
otters,Otter
pinnipeds,Pinniped
walruses,Walrus
Classrooms,classroom
swimmers,Swimmer
Swimmers,Swimmer
volleyballs,volleyball
basketballs,Basketball
baseballs,Baseball
samples,Sample
norms,Norm
categories,Category
worshippers,worshipper
historians,Historian
markers,Marker
contingencies,Contingency
racketed,Racket
smokes,Smoke
Knees,Knee
similes,Simile
janitors,Janitor
replanting,Replant
endows,Endow
welcomes,Welcome
Bulls,Bull
snippets,Snippet
concertos,Concerto
professors,Professor
Springs,Spring
bagels,bagel
Pogoing,POGO
stiking,Stike
varies,Vary
porosities,Porosity
strands,Strand
rests,Rest
APPLES,Apple
conceptions,Conception
lichens,Lichen
Mails,Mail
influences,Influence
prevented,Prevent
interrupting,Interrupt
infromation,Information
commissions,Commission
disbarred,Disbar
ranged,Range
storybooks,Storybook
vegetales,Vegetal
stationed,Station
adaptions,Adaption
moring,More
Difficulties,Difficulty
Bananas,Banana
bores,Bore
Tulips,Tulip
jogs,Jog
scarfs,Scarf
